{"cameraMode":{"drawMode":0,"name":"Shaded","section":"Shading Mode"},"sceneLighting":true,"audioPlay":false,"sceneViewState":{"m_AlwaysRefresh":false,"showFog":true,"showSkybox":true,"showFlares":true,"showImageEffects":true,"showParticleSystems":true,"showVisualEffectGraphs":true,"m_FxEnabled":true},"in2DMode":false,"pivot":{"x":-4.8064093589782719,"y":2.4873104095458986,"z":2.5847558975219728},"rotation":{"x":0.017474601045250894,"y":-0.9569177627563477,"z":0.058924801647663119,"w":0.2837814390659332},"size":3.086146354675293,"orthographic":false}