{"cameraMode":{"drawMode":0,"name":"Shaded","section":"Shading Mode"},"sceneLighting":true,"audioPlay":false,"sceneViewState":{"m_AlwaysRefresh":false,"showFog":true,"showSkybox":true,"showFlares":true,"showImageEffects":true,"showParticleSystems":true,"showVisualEffectGraphs":true,"m_FxEnabled":true},"in2DMode":false,"pivot":{"x":-6.963526725769043,"y":1.1515469551086426,"z":3.325010061264038},"rotation":{"x":-0.01492806151509285,"y":0.5585917830467224,"z":0.010055732913315297,"w":0.829246997833252},"size":2.2462689876556398,"orthographic":false}