{"cameraMode":{"drawMode":0,"name":"Shaded","section":"Shading Mode"},"sceneLighting":true,"audioPlay":false,"sceneViewState":{"m_AlwaysRefresh":false,"showFog":true,"showSkybox":true,"showFlares":true,"showImageEffects":true,"showParticleSystems":true,"showVisualEffectGraphs":true,"m_FxEnabled":true},"in2DMode":false,"pivot":{"x":2.1915106773376467,"y":3.1535422801971437,"z":0.5281939506530762},"rotation":{"x":0.14879678189754487,"y":-0.16529546678066255,"z":0.025235289707779886,"w":0.9746303558349609},"size":3.5660250186920168,"orthographic":false}