{"cameraMode":{"drawMode":0,"name":"Shaded","section":"Shading Mode"},"sceneLighting":true,"audioPlay":false,"sceneViewState":{"m_AlwaysRefresh":false,"showFog":true,"showSkybox":true,"showFlares":true,"showImageEffects":true,"showParticleSystems":true,"showVisualEffectGraphs":true,"m_FxEnabled":true},"in2DMode":false,"pivot":{"x":-6.018800735473633,"y":2.2835123538970949,"z":3.0791189670562746},"rotation":{"x":-0.00633152574300766,"y":0.9642889499664307,"z":0.023147379979491235,"w":0.26376301050186159},"size":3.1933929920196535,"orthographic":false}