{"cameraMode":{"drawMode":0,"name":"Shaded","section":"Shading Mode"},"sceneLighting":true,"audioPlay":false,"sceneViewState":{"m_AlwaysRefresh":false,"showFog":true,"showSkybox":true,"showFlares":true,"showImageEffects":true,"showParticleSystems":true,"showVisualEffectGraphs":true,"m_FxEnabled":true},"in2DMode":false,"pivot":{"x":-0.6462841033935547,"y":2.398313522338867,"z":2.604200839996338},"rotation":{"x":0.03664741292595863,"y":-0.8115120530128479,"z":0.051193058490753177,"w":0.5809348821640015},"size":3.869276285171509,"orthographic":false}