{"cameraMode":{"drawMode":0,"name":"Shaded","section":"Shading Mode"},"sceneLighting":true,"audioPlay":false,"sceneViewState":{"m_AlwaysRefresh":false,"showFog":true,"showSkybox":true,"showFlares":true,"showImageEffects":true,"showParticleSystems":true,"showVisualEffectGraphs":true,"m_FxEnabled":true},"in2DMode":false,"pivot":{"x":0.5706031322479248,"y":0.26749521493911745,"z":0.13918709754943849},"rotation":{"x":0.047745149582624438,"y":0.8973242044448853,"z":-0.10029537975788117,"w":0.42716723680496218},"size":3.1118457317352297,"orthographic":false}